﻿<?xml version="1.0" encoding="utf-8"?>
<RoleModel xmlns:xsi="http://www.w3.org/2001/XMLSchema-instance" xmlns:xsd="http://www.w3.org/2001/XMLSchema" name="Prac5ServiceWebRole" version="2.1.6493.1" xmlns="http://schemas.microsoft.com/ServiceHosting/2008/10/ServiceDefinition">
  <Startup>
    <Task commandLine="DiagnosticsAgent.exe" taskType="background" relativePath="plugins\Diagnostics">
      <Environment>
        <Variable name="RdModuleName" value="Diagnostics" />
        <Variable name="WaRoleType" value="IISWebRole" />
      </Environment>
    </Task>
    <Task commandLine="DiagnosticsAgent.exe /blockStartup" relativePath="plugins\Diagnostics">
      <Environment>
        <Variable name="RdModuleName" value="Diagnostics" />
        <Variable name="WaRoleType" value="IISWebRole" />
      </Environment>
    </Task>
  </Startup>
  <Runtime>
    <EntryPoint>
      <NetFxEntryPoint assemblyName="Prac5ServiceWebRole.dll" targetFrameworkVersion="v4.0" />
    </EntryPoint>
  </Runtime>
  <ConfigurationSettings>
    <Setting name="ConnectionString" nameSpace="Microsoft.WindowsAzure.Plugins.Diagnostics" />
  </ConfigurationSettings>
  <Properties>
    <Property name="TargetFrameworkVersion" value="v4.0" />
    <Property name="RoleType" value="Web" />
    <Property name="RoleName" value="Prac5ServiceWebRole" />
    <Property name="ProjectName" value="Prac5ServiceWebRole" />
    <Property name="Configuration" value="Debug" />
    <Property name="Platform" value="AnyCPU" />
    <Property name="RoleTargetFramework" value="v4.0" />
    <Property name="OutputDir" value="C:\Users\Peter Gleeson\Documents\GitHub\INFS3204\infs3204-prac5\Prac5Service\Prac5Service\obj\Debug\Prac5ServiceWebRole\" />
    <Property name="EntryPoint" value="Prac5ServiceWebRole.dll" />
    <Property name="SourceDir" value="C:\Users\Peter Gleeson\Documents\GitHub\INFS3204\infs3204-prac5\Prac5Service\Prac5ServiceWebRole\" />
    <Property name="SitePhysicalPath" value="C:\Users\Peter Gleeson\Documents\GitHub\INFS3204\infs3204-prac5\Prac5Service\Prac5Service\obj\Debug\Prac5ServiceWebRole\" />
    <Property name="TargetRuntimeVersion" value="v4.0" />
  </Properties>
  <Sites>
    <Site name="Web" physicalDirectory="C:\Users\Peter Gleeson\Documents\GitHub\INFS3204\infs3204-prac5\Prac5Service\Prac5Service\obj\Debug\Prac5ServiceWebRole\">
      <Bindings>
        <Binding name="Endpoint1" endpointName="Endpoint1" />
      </Bindings>
    </Site>
  </Sites>
</RoleModel>